C,Data Desc: data for nonmem7 example,,,,,,,,,,,,,,
C,SET,ID,OCC,TIME,DV,AMT,RATE,EVID,MDV,CMT,ADDL,II,DUR,BIO,TLAG
,2,1,1,0,0,100,10.5,1,1,1,5,6,0,1,0
,2,1,1,0.2,14.971,0,0,0,0,1,0,0,0,1,0
,2,1,1,1,4.3913,0,0,0,0,1,0,0,0,1,0
,2,1,1,4,0.51668,0,0,0,0,1,0,0,0,1,0
,2,1,1,7,0.29191,0,0,0,0,1,0,0,0,1,0
,2,1,1,40,0.0058076,0,0,0,0,1,0,0,0,1,0
,2,1,2,0,0,100,50,4,1,1,5,6,0,1,0
,2,1,2,0.4,6.7914,0,0,0,0,1,0,0,0,1,0
,2,1,2,2,3.927,0,0,0,0,1,0,0,0,1,0
,2,1,2,7,0,20,2,1,1,1,4,12,0,1,0
,2,1,2,10,0.5761,0,0,0,0,1,0,0,0,1,0
,2,1,2,40,0.067345,0,0,0,0,1,0,0,0,1,0
,2,1,2,70,0.013129,0,0,0,0,1,0,0,0,1,0
,2,1,3,0,0,100,0,4,1,1,0,0,0,1,0
,2,1,3,0.1,16.501,0,0,0,0,1,0,0,0,1,0
,2,1,3,0.4,15.326,0,0,0,0,1,0,0,0,1,0
,2,1,3,0.7,7.6403,0,0,0,0,1,0,0,0,1,0
,2,1,3,4,0.39035,0,0,0,0,1,0,0,0,1,0
,2,1,3,20,0.034514,0,0,0,0,1,0,0,0,1,0
,2,4,1,0,0,100,-2,1,1,1,0,0,7.8,0.5,6.44
,2,4,1,0.2,11.815,0,0,0,0,1,0,0,0,1,0
,2,4,1,1,8.3643,0,0,0,0,1,0,0,0,1,0
,2,4,1,4,1.0929,0,0,0,0,1,0,0,0,1,0
,2,4,1,7,0.36815,0,0,0,0,1,0,0,0,1,0
,2,4,1,40,0.00306,0,0,0,0,1,0,0,0,1,0
,2,5,1,0,0,100,10,1,1,1,0,0,0,0.6,0
,2,5,1,0.4,7.7053,0,0,0,0,1,0,0,0,1,0
,2,5,1,2,0.89397,0,0,0,0,1,0,0,0,1,0
,2,5,1,10,0.059985,0,0,0,0,1,0,0,0,1,0
,2,5,1,40,0.0037841,0,0,0,0,1,0,0,0,1,0
,2,5,1,70,0.00013549,0,0,0,0,1,0,0,0,1,0
